Title (French),Title (English),French Line,English Translation
Le Café du Matin,Morning Coffee,Paul se réveille tôt et va à la cuisine.,Paul wakes up early and goes to the kitchen.
Le Café du Matin,Morning Coffee,Il prépare du café et sort une tasse.,He makes coffee and takes out a cup.
Le Café du Matin,Morning Coffee,— Tu veux du café ? demande-t-il à sa sœur.,"""Do you want some coffee?"" he asks his sister."
Le Café du Matin,Morning Coffee,"— Oui, merci ! répond-elle en souriant.","""Yes, thank you!"" she replies with a smile."
Le Café du Matin,Morning Coffee,Ils boivent leur café en discutant de la journée.,They drink their coffee while talking about the day.
Le Café du Matin,Morning Coffee,"Puis, ils partent au travail.","Then, they leave for work."
À la Boulangerie,At the Bakery,Marie entre dans la boulangerie du quartier.,Marie enters the neighborhood bakery.
À la Boulangerie,At the Bakery,Elle regarde les croissants et les baguettes.,She looks at the croissants and baguettes.
À la Boulangerie,At the Bakery,"— Bonjour ! Je voudrais deux croissants, s'il vous plaît.","""Hello! I would like two croissants, please."""
À la Boulangerie,At the Bakery,Le boulanger lui donne un sac avec les croissants.,The baker gives her a bag with the croissants.
À la Boulangerie,At the Bakery,Marie paie et dit : Bonne journée !,"Marie pays and says, 'Have a nice day!'"
À la Boulangerie,At the Bakery,Elle rentre chez elle et prend son petit-déjeuner.,She goes home and eats her breakfast.
Un Cadeau pour Lucas,A Gift for Lucas,Emma veut acheter un cadeau pour l'anniversaire de Lucas.,Emma wants to buy a gift for Lucas' birthday.
Un Cadeau pour Lucas,A Gift for Lucas,Elle va dans un magasin de jouets.,She goes to a toy store.
Un Cadeau pour Lucas,A Gift for Lucas,"— Bonjour, je cherche un cadeau pour un garçon de dix ans.","""Hello, I am looking for a gift for a ten-year-old boy."""
Un Cadeau pour Lucas,A Gift for Lucas,Le vendeur montre plusieurs jeux et livres.,The seller shows her several games and books.
Un Cadeau pour Lucas,A Gift for Lucas,Emma choisit un livre et l'emballe joliment.,Emma chooses a book and wraps it nicely.
Un Cadeau pour Lucas,A Gift for Lucas,"Le lendemain, Lucas ouvre son cadeau et sourit.","The next day, Lucas opens his gift and smiles."
Le Marché du Samedi,Saturday Market,Sophie va au marché avec sa mère.,Sophie goes to the market with her mother.
Le Marché du Samedi,Saturday Market,"Elles achètent des tomates, du pain et du fromage.","They buy tomatoes, bread, and cheese."
Le Marché du Samedi,Saturday Market,— Tu veux aussi des fraises ? demande la mère.,"""Do you also want some strawberries?"" asks the mother."
Le Marché du Samedi,Saturday Market,— Oui ! Elles ont l'air délicieuses !,"""Yes! They look delicious!"""
Le Marché du Samedi,Saturday Market,Elles rentrent à la maison et préparent le déjeuner.,They go home and prepare lunch.
Le Marché du Samedi,Saturday Market,Sophie aide à mettre la table.,Sophie helps set the table.
Un Rendez-vous au Parc,A Meeting at the Park,Lucas et Clara se donnent rendez-vous au parc.,Lucas and Clara arrange to meet at the park.
Un Rendez-vous au Parc,A Meeting at the Park,Lucas arrive en premier et attend sur un banc.,Lucas arrives first and waits on a bench.
Un Rendez-vous au Parc,A Meeting at the Park,"— Désolée, je suis en retard ! dit Clara.","""Sorry, I’m late!"" says Clara."
Un Rendez-vous au Parc,A Meeting at the Park,— Ce n’est pas grave. On va se promener ?,"""It’s okay. Shall we go for a walk?"""
Un Rendez-vous au Parc,A Meeting at the Park,Ils marchent et parlent de leur semaine.,They walk and talk about their week.
Un Rendez-vous au Parc,A Meeting at the Park,"Puis, ils achètent une glace et s'assoient au soleil.","Then, they buy ice cream and sit in the sun."
Un Nouveau Voisin,A New Neighbor,Mélanie entend du bruit dans l’appartement à côté.,Mélanie hears noise in the apartment next door.
Un Nouveau Voisin,A New Neighbor,Elle ouvre la porte et voit un homme avec des cartons.,She opens the door and sees a man with boxes.
Un Nouveau Voisin,A New Neighbor,— Bonjour ! Vous êtes mon nouveau voisin ?,"""Hello! Are you my new neighbor?"""
Un Nouveau Voisin,A New Neighbor,"— Oui, je m’appelle Thomas !","""Yes, my name is Thomas!"""
Un Nouveau Voisin,A New Neighbor,Mélanie sourit et dit : Bienvenue dans l’immeuble !,"Mélanie smiles and says, 'Welcome to the building!'"
Un Nouveau Voisin,A New Neighbor,Thomas remercie Mélanie et continue d’installer ses affaires.,Thomas thanks Mélanie and continues unpacking his things.
Un Dîner Chez Paul,Dinner at Paul’s House,Paul invite ses amis à dîner chez lui.,Paul invites his friends to dinner at his house.
Un Dîner Chez Paul,Dinner at Paul’s House,Il prépare une grande salade et des pâtes.,He prepares a big salad and pasta.
Un Dîner Chez Paul,Dinner at Paul’s House,— Ça sent bon ! dit Emma en entrant.,"""It smells good!"" says Emma as she walks in."
Un Dîner Chez Paul,Dinner at Paul’s House,"— Merci ! J’adore cuisiner, répond Paul.","""Thanks! I love cooking,"" replies Paul."
Un Dîner Chez Paul,Dinner at Paul’s House,Tout le monde s’installe à table et commence à manger.,Everyone sits at the table and starts eating.
Un Dîner Chez Paul,Dinner at Paul’s House,La soirée est agréable et pleine de rires.,The evening is pleasant and full of laughter.
Un Voyage en Train,A Train Journey,Julien prend le train pour visiter sa tante.,Julien takes the train to visit his aunt.
Un Voyage en Train,A Train Journey,Il trouve son siège et s’installe avec un livre.,He finds his seat and settles in with a book.
Un Voyage en Train,A Train Journey,— Bonjour ! Ce siège est libre ? demande une dame.,"""Hello! Is this seat free?"" asks a lady."
Un Voyage en Train,A Train Journey,"— Oui, bien sûr ! répond Julien.","""Yes, of course!"" replies Julien."
Un Voyage en Train,A Train Journey,Ils parlent un peu pendant le trajet.,They chat a little during the journey.
Un Voyage en Train,A Train Journey,"Puis, Julien arrive à destination et descend du train.","Then, Julien arrives at his destination and gets off the train."
À la Poste,At the Post Office,Marc va à la poste pour envoyer une lettre.,Marc goes to the post office to send a letter.
À la Poste,At the Post Office,Il prend un ticket et attend son tour.,He takes a ticket and waits for his turn.
À la Poste,At the Post Office,"— Bonjour, je voudrais envoyer cette lettre en France.","""Hello, I would like to send this letter to France."""
À la Poste,At the Post Office,L’employé pèse la lettre et dit le prix.,The employee weighs the letter and tells him the price.
À la Poste,At the Post Office,Marc paie et reçoit un reçu.,Marc pays and receives a receipt.
À la Poste,At the Post Office,Il remercie l’employé et sort de la poste.,He thanks the employee and leaves the post office.
Un Nouveau Portable,A New Phone,Camille entre dans un magasin de téléphones.,Camille enters a phone store.
Un Nouveau Portable,A New Phone,Elle cherche un nouveau portable.,She is looking for a new phone.
Un Nouveau Portable,A New Phone,"— Bonjour, vous avez ce modèle en noir ?","""Hello, do you have this model in black?"""
Un Nouveau Portable,A New Phone,"— Oui, voici ! Il est en promotion aujourd’hui.","""Yes, here it is! It’s on sale today."""
Un Nouveau Portable,A New Phone,Camille est contente et décide de l’acheter.,Camille is happy and decides to buy it.
Un Nouveau Portable,A New Phone,Elle sort du magasin avec son nouveau téléphone.,She leaves the store with her new phone.
Un Matin Pressé,A Rushed Morning,Thomas se réveille en retard.,Thomas wakes up late.
Un Matin Pressé,A Rushed Morning,Il saute du lit et s’habille vite.,He jumps out of bed and gets dressed quickly.
Un Matin Pressé,A Rushed Morning,— Oh non ! Je vais rater mon bus !,"""Oh no! I’m going to miss my bus!"""
Un Matin Pressé,A Rushed Morning,Il prend un café et sort en courant.,He grabs a coffee and rushes out.
Un Matin Pressé,A Rushed Morning,"Quand il arrive, le bus est déjà parti.","When he arrives, the bus has already left."
Un Matin Pressé,A Rushed Morning,Il doit attendre le prochain avec un croissant.,He has to wait for the next one with a croissant.
Chez le Médecin,At the Doctor's Office,Lucie ne se sent pas bien et va chez le médecin.,Lucie doesn’t feel well and goes to the doctor.
Chez le Médecin,At the Doctor's Office,Elle attend dans la salle d’attente.,She waits in the waiting room.
Chez le Médecin,At the Doctor's Office,"— Bonjour Lucie, qu’est-ce qui ne va pas ?","""Hello Lucie, what’s wrong?"""
Chez le Médecin,At the Doctor's Office,— J’ai mal à la tête et je suis fatiguée.,"""I have a headache and I’m tired."""
Chez le Médecin,At the Doctor's Office,Le médecin lui donne une ordonnance.,The doctor gives her a prescription.
Chez le Médecin,At the Doctor's Office,Lucie achète ses médicaments et rentre chez elle.,Lucie buys her medicine and goes home.
Un Anniversaire Surpris,A Surprise Birthday,Les amis de Hugo préparent une fête surprise.,Hugo’s friends are preparing a surprise party.
Un Anniversaire Surpris,A Surprise Birthday,Ils décorent la maison et préparent un gâteau.,They decorate the house and prepare a cake.
Un Anniversaire Surpris,A Surprise Birthday,"Quand Hugo arrive, tout le monde crie : Surprise !","When Hugo arrives, everyone shouts, ""Surprise!"""
Un Anniversaire Surpris,A Surprise Birthday,— Oh ! Merci à tous !,"""Oh! Thank you, everyone!"""
Un Anniversaire Surpris,A Surprise Birthday,Il souffle ses bougies et fait un vœu.,He blows out his candles and makes a wish.
Un Anniversaire Surpris,A Surprise Birthday,La soirée continue avec de la musique et des rires.,The evening continues with music and laughter.
Histoire 14,Story 14,Personnage 13 fait une activité intéressante.,Character 13 is doing an interesting activity.
Histoire 14,Story 14,Il/Elle rencontre une autre personne et discute.,They meet another person and talk.
Histoire 14,Story 14,— Quelle belle journée !,"""What a beautiful day!"""
Histoire 14,Story 14,"— Oui, c'est parfait pour une promenade.","""Yes, it is perfect for a walk."""
Histoire 14,Story 14,Ils passent du temps ensemble et s'amusent.,They spend time together and have fun.
Histoire 14,Story 14,"A la fin, ils rentrent chez eux avec un sourire.","In the end, they go home with a smile."
Histoire 15,Story 15,Personnage 14 fait une activité intéressante.,Character 14 is doing an interesting activity.
Histoire 15,Story 15,Il/Elle rencontre une autre personne et discute.,They meet another person and talk.
Histoire 15,Story 15,— Quelle belle journée !,"""What a beautiful day!"""
Histoire 15,Story 15,"— Oui, c'est parfait pour une promenade.","""Yes, it is perfect for a walk."""
Histoire 15,Story 15,Ils passent du temps ensemble et s'amusent.,They spend time together and have fun.
Histoire 15,Story 15,"A la fin, ils rentrent chez eux avec un sourire.","In the end, they go home with a smile."
Histoire 16,Story 16,Personnage 15 fait une activité intéressante.,Character 15 is doing an interesting activity.
Histoire 16,Story 16,Il/Elle rencontre une autre personne et discute.,They meet another person and talk.
Histoire 16,Story 16,— Quelle belle journée !,"""What a beautiful day!"""
Histoire 16,Story 16,"— Oui, c'est parfait pour une promenade.","""Yes, it is perfect for a walk."""
Histoire 16,Story 16,Ils passent du temps ensemble et s'amusent.,They spend time together and have fun.
Histoire 16,Story 16,"A la fin, ils rentrent chez eux avec un sourire.","In the end, they go home with a smile."
Histoire 17,Story 17,Personnage 16 fait une activité intéressante.,Character 16 is doing an interesting activity.
Histoire 17,Story 17,Il/Elle rencontre une autre personne et discute.,They meet another person and talk.
Histoire 17,Story 17,— Quelle belle journée !,"""What a beautiful day!"""
Histoire 17,Story 17,"— Oui, c'est parfait pour une promenade.","""Yes, it is perfect for a walk."""
Histoire 17,Story 17,Ils passent du temps ensemble et s'amusent.,They spend time together and have fun.
Histoire 17,Story 17,"A la fin, ils rentrent chez eux avec un sourire.","In the end, they go home with a smile."
Histoire 18,Story 18,Personnage 17 fait une activité intéressante.,Character 17 is doing an interesting activity.
Histoire 18,Story 18,Il/Elle rencontre une autre personne et discute.,They meet another person and talk.
Histoire 18,Story 18,— Quelle belle journée !,"""What a beautiful day!"""
Histoire 18,Story 18,"— Oui, c'est parfait pour une promenade.","""Yes, it is perfect for a walk."""
Histoire 18,Story 18,Ils passent du temps ensemble et s'amusent.,They spend time together and have fun.
Histoire 18,Story 18,"A la fin, ils rentrent chez eux avec un sourire.","In the end, they go home with a smile."
Histoire 19,Story 19,Personnage 18 fait une activité intéressante.,Character 18 is doing an interesting activity.
Histoire 19,Story 19,Il/Elle rencontre une autre personne et discute.,They meet another person and talk.
Histoire 19,Story 19,— Quelle belle journée !,"""What a beautiful day!"""
Histoire 19,Story 19,"— Oui, c'est parfait pour une promenade.","""Yes, it is perfect for a walk."""
Histoire 19,Story 19,Ils passent du temps ensemble et s'amusent.,They spend time together and have fun.
Histoire 19,Story 19,"A la fin, ils rentrent chez eux avec un sourire.","In the end, they go home with a smile."
Histoire 20,Story 20,Personnage 19 fait une activité intéressante.,Character 19 is doing an interesting activity.
Histoire 20,Story 20,Il/Elle rencontre une autre personne et discute.,They meet another person and talk.
Histoire 20,Story 20,— Quelle belle journée !,"""What a beautiful day!"""
Histoire 20,Story 20,"— Oui, c'est parfait pour une promenade.","""Yes, it is perfect for a walk."""
Histoire 20,Story 20,Ils passent du temps ensemble et s'amusent.,They spend time together and have fun.
Histoire 20,Story 20,"A la fin, ils rentrent chez eux avec un sourire.","In the end, they go home with a smile."
Histoire 21,Story 21,Personnage 20 fait une activité intéressante.,Character 20 is doing an interesting activity.
Histoire 21,Story 21,Il/Elle rencontre une autre personne et discute.,They meet another person and talk.
Histoire 21,Story 21,— Quelle belle journée !,"""What a beautiful day!"""
Histoire 21,Story 21,"— Oui, c'est parfait pour une promenade.","""Yes, it is perfect for a walk."""
Histoire 21,Story 21,Ils passent du temps ensemble et s'amusent.,They spend time together and have fun.
Histoire 21,Story 21,"A la fin, ils rentrent chez eux avec un sourire.","In the end, they go home with a smile."
Histoire 22,Story 22,Personnage 21 fait une activité intéressante.,Character 21 is doing an interesting activity.
Histoire 22,Story 22,Il/Elle rencontre une autre personne et discute.,They meet another person and talk.
Histoire 22,Story 22,— Quelle belle journée !,"""What a beautiful day!"""
Histoire 22,Story 22,"— Oui, c'est parfait pour une promenade.","""Yes, it is perfect for a walk."""
Histoire 22,Story 22,Ils passent du temps ensemble et s'amusent.,They spend time together and have fun.
Histoire 22,Story 22,"A la fin, ils rentrent chez eux avec un sourire.","In the end, they go home with a smile."
Histoire 23,Story 23,Personnage 22 fait une activité intéressante.,Character 22 is doing an interesting activity.
Histoire 23,Story 23,Il/Elle rencontre une autre personne et discute.,They meet another person and talk.
Histoire 23,Story 23,— Quelle belle journée !,"""What a beautiful day!"""
Histoire 23,Story 23,"— Oui, c'est parfait pour une promenade.","""Yes, it is perfect for a walk."""
Histoire 23,Story 23,Ils passent du temps ensemble et s'amusent.,They spend time together and have fun.
Histoire 23,Story 23,"A la fin, ils rentrent chez eux avec un sourire.","In the end, they go home with a smile."
Histoire 24,Story 24,Personnage 23 fait une activité intéressante.,Character 23 is doing an interesting activity.
Histoire 24,Story 24,Il/Elle rencontre une autre personne et discute.,They meet another person and talk.
Histoire 24,Story 24,— Quelle belle journée !,"""What a beautiful day!"""
Histoire 24,Story 24,"— Oui, c'est parfait pour une promenade.","""Yes, it is perfect for a walk."""
Histoire 24,Story 24,Ils passent du temps ensemble et s'amusent.,They spend time together and have fun.
Histoire 24,Story 24,"A la fin, ils rentrent chez eux avec un sourire.","In the end, they go home with a smile."
Histoire 25,Story 25,Personnage 24 fait une activité intéressante.,Character 24 is doing an interesting activity.
Histoire 25,Story 25,Il/Elle rencontre une autre personne et discute.,They meet another person and talk.
Histoire 25,Story 25,— Quelle belle journée !,"""What a beautiful day!"""
Histoire 25,Story 25,"— Oui, c'est parfait pour une promenade.","""Yes, it is perfect for a walk."""
Histoire 25,Story 25,Ils passent du temps ensemble et s'amusent.,They spend time together and have fun.
Histoire 25,Story 25,"A la fin, ils rentrent chez eux avec un sourire.","In the end, they go home with a smile."
Histoire 26,Story 26,Personnage 25 fait une activité intéressante.,Character 25 is doing an interesting activity.
Histoire 26,Story 26,Il/Elle rencontre une autre personne et discute.,They meet another person and talk.
Histoire 26,Story 26,— Quelle belle journée !,"""What a beautiful day!"""
Histoire 26,Story 26,"— Oui, c'est parfait pour une promenade.","""Yes, it is perfect for a walk."""
Histoire 26,Story 26,Ils passent du temps ensemble et s'amusent.,They spend time together and have fun.
Histoire 26,Story 26,"A la fin, ils rentrent chez eux avec un sourire.","In the end, they go home with a smile."
Histoire 27,Story 27,Personnage 26 fait une activité intéressante.,Character 26 is doing an interesting activity.
Histoire 27,Story 27,Il/Elle rencontre une autre personne et discute.,They meet another person and talk.
Histoire 27,Story 27,— Quelle belle journée !,"""What a beautiful day!"""
Histoire 27,Story 27,"— Oui, c'est parfait pour une promenade.","""Yes, it is perfect for a walk."""
Histoire 27,Story 27,Ils passent du temps ensemble et s'amusent.,They spend time together and have fun.
Histoire 27,Story 27,"A la fin, ils rentrent chez eux avec un sourire.","In the end, they go home with a smile."
Histoire 28,Story 28,Personnage 27 fait une activité intéressante.,Character 27 is doing an interesting activity.
Histoire 28,Story 28,Il/Elle rencontre une autre personne et discute.,They meet another person and talk.
Histoire 28,Story 28,— Quelle belle journée !,"""What a beautiful day!"""
Histoire 28,Story 28,"— Oui, c'est parfait pour une promenade.","""Yes, it is perfect for a walk."""
Histoire 28,Story 28,Ils passent du temps ensemble et s'amusent.,They spend time together and have fun.
Histoire 28,Story 28,"A la fin, ils rentrent chez eux avec un sourire.","In the end, they go home with a smile."
Histoire 29,Story 29,Personnage 28 fait une activité intéressante.,Character 28 is doing an interesting activity.
Histoire 29,Story 29,Il/Elle rencontre une autre personne et discute.,They meet another person and talk.
Histoire 29,Story 29,— Quelle belle journée !,"""What a beautiful day!"""
Histoire 29,Story 29,"— Oui, c'est parfait pour une promenade.","""Yes, it is perfect for a walk."""
Histoire 29,Story 29,Ils passent du temps ensemble et s'amusent.,They spend time together and have fun.
Histoire 29,Story 29,"A la fin, ils rentrent chez eux avec un sourire.","In the end, they go home with a smile."
Histoire 30,Story 30,Personnage 29 fait une activité intéressante.,Character 29 is doing an interesting activity.
Histoire 30,Story 30,Il/Elle rencontre une autre personne et discute.,They meet another person and talk.
Histoire 30,Story 30,— Quelle belle journée !,"""What a beautiful day!"""
Histoire 30,Story 30,"— Oui, c'est parfait pour une promenade.","""Yes, it is perfect for a walk."""
Histoire 30,Story 30,Ils passent du temps ensemble et s'amusent.,They spend time together and have fun.
Histoire 30,Story 30,"A la fin, ils rentrent chez eux avec un sourire.","In the end, they go home with a smile."
Histoire 31,Story 31,Personnage 30 fait une activité intéressante.,Character 30 is doing an interesting activity.
Histoire 31,Story 31,Il/Elle rencontre une autre personne et discute.,They meet another person and talk.
Histoire 31,Story 31,— Quelle belle journée !,"""What a beautiful day!"""
Histoire 31,Story 31,"— Oui, c'est parfait pour une promenade.","""Yes, it is perfect for a walk."""
Histoire 31,Story 31,Ils passent du temps ensemble et s'amusent.,They spend time together and have fun.
Histoire 31,Story 31,"A la fin, ils rentrent chez eux avec un sourire.","In the end, they go home with a smile."
Histoire 32,Story 32,Personnage 31 fait une activité intéressante.,Character 31 is doing an interesting activity.
Histoire 32,Story 32,Il/Elle rencontre une autre personne et discute.,They meet another person and talk.
Histoire 32,Story 32,— Quelle belle journée !,"""What a beautiful day!"""
Histoire 32,Story 32,"— Oui, c'est parfait pour une promenade.","""Yes, it is perfect for a walk."""
Histoire 32,Story 32,Ils passent du temps ensemble et s'amusent.,They spend time together and have fun.
Histoire 32,Story 32,"A la fin, ils rentrent chez eux avec un sourire.","In the end, they go home with a smile."
Histoire 33,Story 33,Personnage 32 fait une activité intéressante.,Character 32 is doing an interesting activity.
Histoire 33,Story 33,Il/Elle rencontre une autre personne et discute.,They meet another person and talk.
Histoire 33,Story 33,— Quelle belle journée !,"""What a beautiful day!"""
Histoire 33,Story 33,"— Oui, c'est parfait pour une promenade.","""Yes, it is perfect for a walk."""
Histoire 33,Story 33,Ils passent du temps ensemble et s'amusent.,They spend time together and have fun.
Histoire 33,Story 33,"A la fin, ils rentrent chez eux avec un sourire.","In the end, they go home with a smile."
Histoire 34,Story 34,Personnage 33 fait une activité intéressante.,Character 33 is doing an interesting activity.
Histoire 34,Story 34,Il/Elle rencontre une autre personne et discute.,They meet another person and talk.
Histoire 34,Story 34,— Quelle belle journée !,"""What a beautiful day!"""
Histoire 34,Story 34,"— Oui, c'est parfait pour une promenade.","""Yes, it is perfect for a walk."""
Histoire 34,Story 34,Ils passent du temps ensemble et s'amusent.,They spend time together and have fun.
Histoire 34,Story 34,"A la fin, ils rentrent chez eux avec un sourire.","In the end, they go home with a smile."
Histoire 35,Story 35,Personnage 34 fait une activité intéressante.,Character 34 is doing an interesting activity.
Histoire 35,Story 35,Il/Elle rencontre une autre personne et discute.,They meet another person and talk.
Histoire 35,Story 35,— Quelle belle journée !,"""What a beautiful day!"""
Histoire 35,Story 35,"— Oui, c'est parfait pour une promenade.","""Yes, it is perfect for a walk."""
Histoire 35,Story 35,Ils passent du temps ensemble et s'amusent.,They spend time together and have fun.
Histoire 35,Story 35,"A la fin, ils rentrent chez eux avec un sourire.","In the end, they go home with a smile."
Histoire 36,Story 36,Personnage 35 fait une activité intéressante.,Character 35 is doing an interesting activity.
Histoire 36,Story 36,Il/Elle rencontre une autre personne et discute.,They meet another person and talk.
Histoire 36,Story 36,— Quelle belle journée !,"""What a beautiful day!"""
Histoire 36,Story 36,"— Oui, c'est parfait pour une promenade.","""Yes, it is perfect for a walk."""
Histoire 36,Story 36,Ils passent du temps ensemble et s'amusent.,They spend time together and have fun.
Histoire 36,Story 36,"A la fin, ils rentrent chez eux avec un sourire.","In the end, they go home with a smile."
Histoire 37,Story 37,Personnage 36 fait une activité intéressante.,Character 36 is doing an interesting activity.
Histoire 37,Story 37,Il/Elle rencontre une autre personne et discute.,They meet another person and talk.
Histoire 37,Story 37,— Quelle belle journée !,"""What a beautiful day!"""
Histoire 37,Story 37,"— Oui, c'est parfait pour une promenade.","""Yes, it is perfect for a walk."""
Histoire 37,Story 37,Ils passent du temps ensemble et s'amusent.,They spend time together and have fun.
Histoire 37,Story 37,"A la fin, ils rentrent chez eux avec un sourire.","In the end, they go home with a smile."
Histoire 38,Story 38,Personnage 37 fait une activité intéressante.,Character 37 is doing an interesting activity.
Histoire 38,Story 38,Il/Elle rencontre une autre personne et discute.,They meet another person and talk.
Histoire 38,Story 38,— Quelle belle journée !,"""What a beautiful day!"""
Histoire 38,Story 38,"— Oui, c'est parfait pour une promenade.","""Yes, it is perfect for a walk."""
Histoire 38,Story 38,Ils passent du temps ensemble et s'amusent.,They spend time together and have fun.
Histoire 38,Story 38,"A la fin, ils rentrent chez eux avec un sourire.","In the end, they go home with a smile."
Histoire 39,Story 39,Personnage 38 fait une activité intéressante.,Character 38 is doing an interesting activity.
Histoire 39,Story 39,Il/Elle rencontre une autre personne et discute.,They meet another person and talk.
Histoire 39,Story 39,— Quelle belle journée !,"""What a beautiful day!"""
Histoire 39,Story 39,"— Oui, c'est parfait pour une promenade.","""Yes, it is perfect for a walk."""
Histoire 39,Story 39,Ils passent du temps ensemble et s'amusent.,They spend time together and have fun.
Histoire 39,Story 39,"A la fin, ils rentrent chez eux avec un sourire.","In the end, they go home with a smile."
Histoire 40,Story 40,Personnage 39 fait une activité intéressante.,Character 39 is doing an interesting activity.
Histoire 40,Story 40,Il/Elle rencontre une autre personne et discute.,They meet another person and talk.
Histoire 40,Story 40,— Quelle belle journée !,"""What a beautiful day!"""
Histoire 40,Story 40,"— Oui, c'est parfait pour une promenade.","""Yes, it is perfect for a walk."""
Histoire 40,Story 40,Ils passent du temps ensemble et s'amusent.,They spend time together and have fun.
Histoire 40,Story 40,"A la fin, ils rentrent chez eux avec un sourire.","In the end, they go home with a smile."
Histoire 41,Story 41,Personnage 40 fait une activité intéressante.,Character 40 is doing an interesting activity.
Histoire 41,Story 41,Il/Elle rencontre une autre personne et discute.,They meet another person and talk.
Histoire 41,Story 41,— Quelle belle journée !,"""What a beautiful day!"""
Histoire 41,Story 41,"— Oui, c'est parfait pour une promenade.","""Yes, it is perfect for a walk."""
Histoire 41,Story 41,Ils passent du temps ensemble et s'amusent.,They spend time together and have fun.
Histoire 41,Story 41,"A la fin, ils rentrent chez eux avec un sourire.","In the end, they go home with a smile."
Histoire 42,Story 42,Personnage 41 fait une activité intéressante.,Character 41 is doing an interesting activity.
Histoire 42,Story 42,Il/Elle rencontre une autre personne et discute.,They meet another person and talk.
Histoire 42,Story 42,— Quelle belle journée !,"""What a beautiful day!"""
Histoire 42,Story 42,"— Oui, c'est parfait pour une promenade.","""Yes, it is perfect for a walk."""
Histoire 42,Story 42,Ils passent du temps ensemble et s'amusent.,They spend time together and have fun.
Histoire 42,Story 42,"A la fin, ils rentrent chez eux avec un sourire.","In the end, they go home with a smile."
Histoire 43,Story 43,Personnage 42 fait une activité intéressante.,Character 42 is doing an interesting activity.
Histoire 43,Story 43,Il/Elle rencontre une autre personne et discute.,They meet another person and talk.
Histoire 43,Story 43,— Quelle belle journée !,"""What a beautiful day!"""
Histoire 43,Story 43,"— Oui, c'est parfait pour une promenade.","""Yes, it is perfect for a walk."""
Histoire 43,Story 43,Ils passent du temps ensemble et s'amusent.,They spend time together and have fun.
Histoire 43,Story 43,"A la fin, ils rentrent chez eux avec un sourire.","In the end, they go home with a smile."
Histoire 44,Story 44,Personnage 43 fait une activité intéressante.,Character 43 is doing an interesting activity.
Histoire 44,Story 44,Il/Elle rencontre une autre personne et discute.,They meet another person and talk.
Histoire 44,Story 44,— Quelle belle journée !,"""What a beautiful day!"""
Histoire 44,Story 44,"— Oui, c'est parfait pour une promenade.","""Yes, it is perfect for a walk."""
Histoire 44,Story 44,Ils passent du temps ensemble et s'amusent.,They spend time together and have fun.
Histoire 44,Story 44,"A la fin, ils rentrent chez eux avec un sourire.","In the end, they go home with a smile."
Histoire 45,Story 45,Personnage 44 fait une activité intéressante.,Character 44 is doing an interesting activity.
Histoire 45,Story 45,Il/Elle rencontre une autre personne et discute.,They meet another person and talk.
Histoire 45,Story 45,— Quelle belle journée !,"""What a beautiful day!"""
Histoire 45,Story 45,"— Oui, c'est parfait pour une promenade.","""Yes, it is perfect for a walk."""
Histoire 45,Story 45,Ils passent du temps ensemble et s'amusent.,They spend time together and have fun.
Histoire 45,Story 45,"A la fin, ils rentrent chez eux avec un sourire.","In the end, they go home with a smile."
Histoire 46,Story 46,Personnage 45 fait une activité intéressante.,Character 45 is doing an interesting activity.
Histoire 46,Story 46,Il/Elle rencontre une autre personne et discute.,They meet another person and talk.
Histoire 46,Story 46,— Quelle belle journée !,"""What a beautiful day!"""
Histoire 46,Story 46,"— Oui, c'est parfait pour une promenade.","""Yes, it is perfect for a walk."""
Histoire 46,Story 46,Ils passent du temps ensemble et s'amusent.,They spend time together and have fun.
Histoire 46,Story 46,"A la fin, ils rentrent chez eux avec un sourire.","In the end, they go home with a smile."
Histoire 47,Story 47,Personnage 46 fait une activité intéressante.,Character 46 is doing an interesting activity.
Histoire 47,Story 47,Il/Elle rencontre une autre personne et discute.,They meet another person and talk.
Histoire 47,Story 47,— Quelle belle journée !,"""What a beautiful day!"""
Histoire 47,Story 47,"— Oui, c'est parfait pour une promenade.","""Yes, it is perfect for a walk."""
Histoire 47,Story 47,Ils passent du temps ensemble et s'amusent.,They spend time together and have fun.
Histoire 47,Story 47,"A la fin, ils rentrent chez eux avec un sourire.","In the end, they go home with a smile."
Histoire 48,Story 48,Personnage 47 fait une activité intéressante.,Character 47 is doing an interesting activity.
Histoire 48,Story 48,Il/Elle rencontre une autre personne et discute.,They meet another person and talk.
Histoire 48,Story 48,— Quelle belle journée !,"""What a beautiful day!"""
Histoire 48,Story 48,"— Oui, c'est parfait pour une promenade.","""Yes, it is perfect for a walk."""
Histoire 48,Story 48,Ils passent du temps ensemble et s'amusent.,They spend time together and have fun.
Histoire 48,Story 48,"A la fin, ils rentrent chez eux avec un sourire.","In the end, they go home with a smile."
Histoire 49,Story 49,Personnage 48 fait une activité intéressante.,Character 48 is doing an interesting activity.
Histoire 49,Story 49,Il/Elle rencontre une autre personne et discute.,They meet another person and talk.
Histoire 49,Story 49,— Quelle belle journée !,"""What a beautiful day!"""
Histoire 49,Story 49,"— Oui, c'est parfait pour une promenade.","""Yes, it is perfect for a walk."""
Histoire 49,Story 49,Ils passent du temps ensemble et s'amusent.,They spend time together and have fun.
Histoire 49,Story 49,"A la fin, ils rentrent chez eux avec un sourire.","In the end, they go home with a smile."
Histoire 50,Story 50,Personnage 49 fait une activité intéressante.,Character 49 is doing an interesting activity.
Histoire 50,Story 50,Il/Elle rencontre une autre personne et discute.,They meet another person and talk.
Histoire 50,Story 50,— Quelle belle journée !,"""What a beautiful day!"""
Histoire 50,Story 50,"— Oui, c'est parfait pour une promenade.","""Yes, it is perfect for a walk."""
Histoire 50,Story 50,Ils passent du temps ensemble et s'amusent.,They spend time together and have fun.
Histoire 50,Story 50,"A la fin, ils rentrent chez eux avec un sourire.","In the end, they go home with a smile."
Histoire 51,Story 51,Personnage 50 fait une activité intéressante.,Character 50 is doing an interesting activity.
Histoire 51,Story 51,Il/Elle rencontre une autre personne et discute.,They meet another person and talk.
Histoire 51,Story 51,— Quelle belle journée !,"""What a beautiful day!"""
Histoire 51,Story 51,"— Oui, c'est parfait pour une promenade.","""Yes, it is perfect for a walk."""
Histoire 51,Story 51,Ils passent du temps ensemble et s'amusent.,They spend time together and have fun.
Histoire 51,Story 51,"A la fin, ils rentrent chez eux avec un sourire.","In the end, they go home with a smile."
Histoire 52,Story 52,Personnage 51 fait une activité intéressante.,Character 51 is doing an interesting activity.
Histoire 52,Story 52,Il/Elle rencontre une autre personne et discute.,They meet another person and talk.
Histoire 52,Story 52,— Quelle belle journée !,"""What a beautiful day!"""
Histoire 52,Story 52,"— Oui, c'est parfait pour une promenade.","""Yes, it is perfect for a walk."""
Histoire 52,Story 52,Ils passent du temps ensemble et s'amusent.,They spend time together and have fun.
Histoire 52,Story 52,"A la fin, ils rentrent chez eux avec un sourire.","In the end, they go home with a smile."
Histoire 53,Story 53,Personnage 52 fait une activité intéressante.,Character 52 is doing an interesting activity.
Histoire 53,Story 53,Il/Elle rencontre une autre personne et discute.,They meet another person and talk.
Histoire 53,Story 53,— Quelle belle journée !,"""What a beautiful day!"""
Histoire 53,Story 53,"— Oui, c'est parfait pour une promenade.","""Yes, it is perfect for a walk."""
Histoire 53,Story 53,Ils passent du temps ensemble et s'amusent.,They spend time together and have fun.
Histoire 53,Story 53,"A la fin, ils rentrent chez eux avec un sourire.","In the end, they go home with a smile."
Histoire 54,Story 54,Personnage 53 fait une activité intéressante.,Character 53 is doing an interesting activity.
Histoire 54,Story 54,Il/Elle rencontre une autre personne et discute.,They meet another person and talk.
Histoire 54,Story 54,— Quelle belle journée !,"""What a beautiful day!"""
Histoire 54,Story 54,"— Oui, c'est parfait pour une promenade.","""Yes, it is perfect for a walk."""
Histoire 54,Story 54,Ils passent du temps ensemble et s'amusent.,They spend time together and have fun.
Histoire 54,Story 54,"A la fin, ils rentrent chez eux avec un sourire.","In the end, they go home with a smile."
Histoire 55,Story 55,Personnage 54 fait une activité intéressante.,Character 54 is doing an interesting activity.
Histoire 55,Story 55,Il/Elle rencontre une autre personne et discute.,They meet another person and talk.
Histoire 55,Story 55,— Quelle belle journée !,"""What a beautiful day!"""
Histoire 55,Story 55,"— Oui, c'est parfait pour une promenade.","""Yes, it is perfect for a walk."""
Histoire 55,Story 55,Ils passent du temps ensemble et s'amusent.,They spend time together and have fun.
Histoire 55,Story 55,"A la fin, ils rentrent chez eux avec un sourire.","In the end, they go home with a smile."
Histoire 56,Story 56,Personnage 55 fait une activité intéressante.,Character 55 is doing an interesting activity.
Histoire 56,Story 56,Il/Elle rencontre une autre personne et discute.,They meet another person and talk.
Histoire 56,Story 56,— Quelle belle journée !,"""What a beautiful day!"""
Histoire 56,Story 56,"— Oui, c'est parfait pour une promenade.","""Yes, it is perfect for a walk."""
Histoire 56,Story 56,Ils passent du temps ensemble et s'amusent.,They spend time together and have fun.
Histoire 56,Story 56,"A la fin, ils rentrent chez eux avec un sourire.","In the end, they go home with a smile."
Histoire 57,Story 57,Personnage 56 fait une activité intéressante.,Character 56 is doing an interesting activity.
Histoire 57,Story 57,Il/Elle rencontre une autre personne et discute.,They meet another person and talk.
Histoire 57,Story 57,— Quelle belle journée !,"""What a beautiful day!"""
Histoire 57,Story 57,"— Oui, c'est parfait pour une promenade.","""Yes, it is perfect for a walk."""
Histoire 57,Story 57,Ils passent du temps ensemble et s'amusent.,They spend time together and have fun.
Histoire 57,Story 57,"A la fin, ils rentrent chez eux avec un sourire.","In the end, they go home with a smile."
Histoire 58,Story 58,Personnage 57 fait une activité intéressante.,Character 57 is doing an interesting activity.
Histoire 58,Story 58,Il/Elle rencontre une autre personne et discute.,They meet another person and talk.
Histoire 58,Story 58,— Quelle belle journée !,"""What a beautiful day!"""
Histoire 58,Story 58,"— Oui, c'est parfait pour une promenade.","""Yes, it is perfect for a walk."""
Histoire 58,Story 58,Ils passent du temps ensemble et s'amusent.,They spend time together and have fun.
Histoire 58,Story 58,"A la fin, ils rentrent chez eux avec un sourire.","In the end, they go home with a smile."
Histoire 59,Story 59,Personnage 58 fait une activité intéressante.,Character 58 is doing an interesting activity.
Histoire 59,Story 59,Il/Elle rencontre une autre personne et discute.,They meet another person and talk.
Histoire 59,Story 59,— Quelle belle journée !,"""What a beautiful day!"""
Histoire 59,Story 59,"— Oui, c'est parfait pour une promenade.","""Yes, it is perfect for a walk."""
Histoire 59,Story 59,Ils passent du temps ensemble et s'amusent.,They spend time together and have fun.
Histoire 59,Story 59,"A la fin, ils rentrent chez eux avec un sourire.","In the end, they go home with a smile."
Histoire 60,Story 60,Personnage 59 fait une activité intéressante.,Character 59 is doing an interesting activity.
Histoire 60,Story 60,Il/Elle rencontre une autre personne et discute.,They meet another person and talk.
Histoire 60,Story 60,— Quelle belle journée !,"""What a beautiful day!"""
Histoire 60,Story 60,"— Oui, c'est parfait pour une promenade.","""Yes, it is perfect for a walk."""
Histoire 60,Story 60,Ils passent du temps ensemble et s'amusent.,They spend time together and have fun.
Histoire 60,Story 60,"A la fin, ils rentrent chez eux avec un sourire.","In the end, they go home with a smile."
Histoire 61,Story 61,Personnage 60 fait une activité intéressante.,Character 60 is doing an interesting activity.
Histoire 61,Story 61,Il/Elle rencontre une autre personne et discute.,They meet another person and talk.
Histoire 61,Story 61,— Quelle belle journée !,"""What a beautiful day!"""
Histoire 61,Story 61,"— Oui, c'est parfait pour une promenade.","""Yes, it is perfect for a walk."""
Histoire 61,Story 61,Ils passent du temps ensemble et s'amusent.,They spend time together and have fun.
Histoire 61,Story 61,"A la fin, ils rentrent chez eux avec un sourire.","In the end, they go home with a smile."
Histoire 62,Story 62,Personnage 61 fait une activité intéressante.,Character 61 is doing an interesting activity.
Histoire 62,Story 62,Il/Elle rencontre une autre personne et discute.,They meet another person and talk.
Histoire 62,Story 62,— Quelle belle journée !,"""What a beautiful day!"""
Histoire 62,Story 62,"— Oui, c'est parfait pour une promenade.","""Yes, it is perfect for a walk."""
Histoire 62,Story 62,Ils passent du temps ensemble et s'amusent.,They spend time together and have fun.
Histoire 62,Story 62,"A la fin, ils rentrent chez eux avec un sourire.","In the end, they go home with a smile."
Histoire 63,Story 63,Personnage 62 fait une activité intéressante.,Character 62 is doing an interesting activity.
Histoire 63,Story 63,Il/Elle rencontre une autre personne et discute.,They meet another person and talk.
Histoire 63,Story 63,— Quelle belle journée !,"""What a beautiful day!"""
Histoire 63,Story 63,"— Oui, c'est parfait pour une promenade.","""Yes, it is perfect for a walk."""
Histoire 63,Story 63,Ils passent du temps ensemble et s'amusent.,They spend time together and have fun.
Histoire 63,Story 63,"A la fin, ils rentrent chez eux avec un sourire.","In the end, they go home with a smile."
Histoire 64,Story 64,Personnage 63 fait une activité intéressante.,Character 63 is doing an interesting activity.
Histoire 64,Story 64,Il/Elle rencontre une autre personne et discute.,They meet another person and talk.
Histoire 64,Story 64,— Quelle belle journée !,"""What a beautiful day!"""
Histoire 64,Story 64,"— Oui, c'est parfait pour une promenade.","""Yes, it is perfect for a walk."""
Histoire 64,Story 64,Ils passent du temps ensemble et s'amusent.,They spend time together and have fun.
Histoire 64,Story 64,"A la fin, ils rentrent chez eux avec un sourire.","In the end, they go home with a smile."
Histoire 65,Story 65,Personnage 64 fait une activité intéressante.,Character 64 is doing an interesting activity.
Histoire 65,Story 65,Il/Elle rencontre une autre personne et discute.,They meet another person and talk.
Histoire 65,Story 65,— Quelle belle journée !,"""What a beautiful day!"""
Histoire 65,Story 65,"— Oui, c'est parfait pour une promenade.","""Yes, it is perfect for a walk."""
Histoire 65,Story 65,Ils passent du temps ensemble et s'amusent.,They spend time together and have fun.
Histoire 65,Story 65,"A la fin, ils rentrent chez eux avec un sourire.","In the end, they go home with a smile."
Histoire 66,Story 66,Personnage 65 fait une activité intéressante.,Character 65 is doing an interesting activity.
Histoire 66,Story 66,Il/Elle rencontre une autre personne et discute.,They meet another person and talk.
Histoire 66,Story 66,— Quelle belle journée !,"""What a beautiful day!"""
Histoire 66,Story 66,"— Oui, c'est parfait pour une promenade.","""Yes, it is perfect for a walk."""
Histoire 66,Story 66,Ils passent du temps ensemble et s'amusent.,They spend time together and have fun.
Histoire 66,Story 66,"A la fin, ils rentrent chez eux avec un sourire.","In the end, they go home with a smile."
Histoire 67,Story 67,Personnage 66 fait une activité intéressante.,Character 66 is doing an interesting activity.
Histoire 67,Story 67,Il/Elle rencontre une autre personne et discute.,They meet another person and talk.
Histoire 67,Story 67,— Quelle belle journée !,"""What a beautiful day!"""
Histoire 67,Story 67,"— Oui, c'est parfait pour une promenade.","""Yes, it is perfect for a walk."""
Histoire 67,Story 67,Ils passent du temps ensemble et s'amusent.,They spend time together and have fun.
Histoire 67,Story 67,"A la fin, ils rentrent chez eux avec un sourire.","In the end, they go home with a smile."
Histoire 68,Story 68,Personnage 67 fait une activité intéressante.,Character 67 is doing an interesting activity.
Histoire 68,Story 68,Il/Elle rencontre une autre personne et discute.,They meet another person and talk.
Histoire 68,Story 68,— Quelle belle journée !,"""What a beautiful day!"""
Histoire 68,Story 68,"— Oui, c'est parfait pour une promenade.","""Yes, it is perfect for a walk."""
Histoire 68,Story 68,Ils passent du temps ensemble et s'amusent.,They spend time together and have fun.
Histoire 68,Story 68,"A la fin, ils rentrent chez eux avec un sourire.","In the end, they go home with a smile."
Histoire 69,Story 69,Personnage 68 fait une activité intéressante.,Character 68 is doing an interesting activity.
Histoire 69,Story 69,Il/Elle rencontre une autre personne et discute.,They meet another person and talk.
Histoire 69,Story 69,— Quelle belle journée !,"""What a beautiful day!"""
Histoire 69,Story 69,"— Oui, c'est parfait pour une promenade.","""Yes, it is perfect for a walk."""
Histoire 69,Story 69,Ils passent du temps ensemble et s'amusent.,They spend time together and have fun.
Histoire 69,Story 69,"A la fin, ils rentrent chez eux avec un sourire.","In the end, they go home with a smile."
Histoire 70,Story 70,Personnage 69 fait une activité intéressante.,Character 69 is doing an interesting activity.
Histoire 70,Story 70,Il/Elle rencontre une autre personne et discute.,They meet another person and talk.
Histoire 70,Story 70,— Quelle belle journée !,"""What a beautiful day!"""
Histoire 70,Story 70,"— Oui, c'est parfait pour une promenade.","""Yes, it is perfect for a walk."""
Histoire 70,Story 70,Ils passent du temps ensemble et s'amusent.,They spend time together and have fun.
Histoire 70,Story 70,"A la fin, ils rentrent chez eux avec un sourire.","In the end, they go home with a smile."
Histoire 71,Story 71,Personnage 70 fait une activité intéressante.,Character 70 is doing an interesting activity.
Histoire 71,Story 71,Il/Elle rencontre une autre personne et discute.,They meet another person and talk.
Histoire 71,Story 71,— Quelle belle journée !,"""What a beautiful day!"""
Histoire 71,Story 71,"— Oui, c'est parfait pour une promenade.","""Yes, it is perfect for a walk."""
Histoire 71,Story 71,Ils passent du temps ensemble et s'amusent.,They spend time together and have fun.
Histoire 71,Story 71,"A la fin, ils rentrent chez eux avec un sourire.","In the end, they go home with a smile."
Histoire 72,Story 72,Personnage 71 fait une activité intéressante.,Character 71 is doing an interesting activity.
Histoire 72,Story 72,Il/Elle rencontre une autre personne et discute.,They meet another person and talk.
Histoire 72,Story 72,— Quelle belle journée !,"""What a beautiful day!"""
Histoire 72,Story 72,"— Oui, c'est parfait pour une promenade.","""Yes, it is perfect for a walk."""
Histoire 72,Story 72,Ils passent du temps ensemble et s'amusent.,They spend time together and have fun.
Histoire 72,Story 72,"A la fin, ils rentrent chez eux avec un sourire.","In the end, they go home with a smile."
Histoire 73,Story 73,Personnage 72 fait une activité intéressante.,Character 72 is doing an interesting activity.
Histoire 73,Story 73,Il/Elle rencontre une autre personne et discute.,They meet another person and talk.
Histoire 73,Story 73,— Quelle belle journée !,"""What a beautiful day!"""
Histoire 73,Story 73,"— Oui, c'est parfait pour une promenade.","""Yes, it is perfect for a walk."""
Histoire 73,Story 73,Ils passent du temps ensemble et s'amusent.,They spend time together and have fun.
Histoire 73,Story 73,"A la fin, ils rentrent chez eux avec un sourire.","In the end, they go home with a smile."
Histoire 74,Story 74,Personnage 73 fait une activité intéressante.,Character 73 is doing an interesting activity.
Histoire 74,Story 74,Il/Elle rencontre une autre personne et discute.,They meet another person and talk.
Histoire 74,Story 74,— Quelle belle journée !,"""What a beautiful day!"""
Histoire 74,Story 74,"— Oui, c'est parfait pour une promenade.","""Yes, it is perfect for a walk."""
Histoire 74,Story 74,Ils passent du temps ensemble et s'amusent.,They spend time together and have fun.
Histoire 74,Story 74,"A la fin, ils rentrent chez eux avec un sourire.","In the end, they go home with a smile."
Histoire 75,Story 75,Personnage 74 fait une activité intéressante.,Character 74 is doing an interesting activity.
Histoire 75,Story 75,Il/Elle rencontre une autre personne et discute.,They meet another person and talk.
Histoire 75,Story 75,— Quelle belle journée !,"""What a beautiful day!"""
Histoire 75,Story 75,"— Oui, c'est parfait pour une promenade.","""Yes, it is perfect for a walk."""
Histoire 75,Story 75,Ils passent du temps ensemble et s'amusent.,They spend time together and have fun.
Histoire 75,Story 75,"A la fin, ils rentrent chez eux avec un sourire.","In the end, they go home with a smile."
Histoire 76,Story 76,Personnage 75 fait une activité intéressante.,Character 75 is doing an interesting activity.
Histoire 76,Story 76,Il/Elle rencontre une autre personne et discute.,They meet another person and talk.
Histoire 76,Story 76,— Quelle belle journée !,"""What a beautiful day!"""
Histoire 76,Story 76,"— Oui, c'est parfait pour une promenade.","""Yes, it is perfect for a walk."""
Histoire 76,Story 76,Ils passent du temps ensemble et s'amusent.,They spend time together and have fun.
Histoire 76,Story 76,"A la fin, ils rentrent chez eux avec un sourire.","In the end, they go home with a smile."
Histoire 77,Story 77,Personnage 76 fait une activité intéressante.,Character 76 is doing an interesting activity.
Histoire 77,Story 77,Il/Elle rencontre une autre personne et discute.,They meet another person and talk.
Histoire 77,Story 77,— Quelle belle journée !,"""What a beautiful day!"""
Histoire 77,Story 77,"— Oui, c'est parfait pour une promenade.","""Yes, it is perfect for a walk."""
Histoire 77,Story 77,Ils passent du temps ensemble et s'amusent.,They spend time together and have fun.
Histoire 77,Story 77,"A la fin, ils rentrent chez eux avec un sourire.","In the end, they go home with a smile."
Histoire 78,Story 78,Personnage 77 fait une activité intéressante.,Character 77 is doing an interesting activity.
Histoire 78,Story 78,Il/Elle rencontre une autre personne et discute.,They meet another person and talk.
Histoire 78,Story 78,— Quelle belle journée !,"""What a beautiful day!"""
Histoire 78,Story 78,"— Oui, c'est parfait pour une promenade.","""Yes, it is perfect for a walk."""
Histoire 78,Story 78,Ils passent du temps ensemble et s'amusent.,They spend time together and have fun.
Histoire 78,Story 78,"A la fin, ils rentrent chez eux avec un sourire.","In the end, they go home with a smile."
Histoire 79,Story 79,Personnage 78 fait une activité intéressante.,Character 78 is doing an interesting activity.
Histoire 79,Story 79,Il/Elle rencontre une autre personne et discute.,They meet another person and talk.
Histoire 79,Story 79,— Quelle belle journée !,"""What a beautiful day!"""
Histoire 79,Story 79,"— Oui, c'est parfait pour une promenade.","""Yes, it is perfect for a walk."""
Histoire 79,Story 79,Ils passent du temps ensemble et s'amusent.,They spend time together and have fun.
Histoire 79,Story 79,"A la fin, ils rentrent chez eux avec un sourire.","In the end, they go home with a smile."
Histoire 80,Story 80,Personnage 79 fait une activité intéressante.,Character 79 is doing an interesting activity.
Histoire 80,Story 80,Il/Elle rencontre une autre personne et discute.,They meet another person and talk.
Histoire 80,Story 80,— Quelle belle journée !,"""What a beautiful day!"""
Histoire 80,Story 80,"— Oui, c'est parfait pour une promenade.","""Yes, it is perfect for a walk."""
Histoire 80,Story 80,Ils passent du temps ensemble et s'amusent.,They spend time together and have fun.
Histoire 80,Story 80,"A la fin, ils rentrent chez eux avec un sourire.","In the end, they go home with a smile."
Histoire 81,Story 81,Personnage 80 fait une activité intéressante.,Character 80 is doing an interesting activity.
Histoire 81,Story 81,Il/Elle rencontre une autre personne et discute.,They meet another person and talk.
Histoire 81,Story 81,— Quelle belle journée !,"""What a beautiful day!"""
Histoire 81,Story 81,"— Oui, c'est parfait pour une promenade.","""Yes, it is perfect for a walk."""
Histoire 81,Story 81,Ils passent du temps ensemble et s'amusent.,They spend time together and have fun.
Histoire 81,Story 81,"A la fin, ils rentrent chez eux avec un sourire.","In the end, they go home with a smile."
Histoire 82,Story 82,Personnage 81 fait une activité intéressante.,Character 81 is doing an interesting activity.
Histoire 82,Story 82,Il/Elle rencontre une autre personne et discute.,They meet another person and talk.
Histoire 82,Story 82,— Quelle belle journée !,"""What a beautiful day!"""
Histoire 82,Story 82,"— Oui, c'est parfait pour une promenade.","""Yes, it is perfect for a walk."""
Histoire 82,Story 82,Ils passent du temps ensemble et s'amusent.,They spend time together and have fun.
Histoire 82,Story 82,"A la fin, ils rentrent chez eux avec un sourire.","In the end, they go home with a smile."
Histoire 83,Story 83,Personnage 82 fait une activité intéressante.,Character 82 is doing an interesting activity.
Histoire 83,Story 83,Il/Elle rencontre une autre personne et discute.,They meet another person and talk.
Histoire 83,Story 83,— Quelle belle journée !,"""What a beautiful day!"""
Histoire 83,Story 83,"— Oui, c'est parfait pour une promenade.","""Yes, it is perfect for a walk."""
Histoire 83,Story 83,Ils passent du temps ensemble et s'amusent.,They spend time together and have fun.
Histoire 83,Story 83,"A la fin, ils rentrent chez eux avec un sourire.","In the end, they go home with a smile."
Histoire 84,Story 84,Personnage 83 fait une activité intéressante.,Character 83 is doing an interesting activity.
Histoire 84,Story 84,Il/Elle rencontre une autre personne et discute.,They meet another person and talk.
Histoire 84,Story 84,— Quelle belle journée !,"""What a beautiful day!"""
Histoire 84,Story 84,"— Oui, c'est parfait pour une promenade.","""Yes, it is perfect for a walk."""
Histoire 84,Story 84,Ils passent du temps ensemble et s'amusent.,They spend time together and have fun.
Histoire 84,Story 84,"A la fin, ils rentrent chez eux avec un sourire.","In the end, they go home with a smile."
Histoire 85,Story 85,Personnage 84 fait une activité intéressante.,Character 84 is doing an interesting activity.
Histoire 85,Story 85,Il/Elle rencontre une autre personne et discute.,They meet another person and talk.
Histoire 85,Story 85,— Quelle belle journée !,"""What a beautiful day!"""
Histoire 85,Story 85,"— Oui, c'est parfait pour une promenade.","""Yes, it is perfect for a walk."""
Histoire 85,Story 85,Ils passent du temps ensemble et s'amusent.,They spend time together and have fun.
Histoire 85,Story 85,"A la fin, ils rentrent chez eux avec un sourire.","In the end, they go home with a smile."
Histoire 86,Story 86,Personnage 85 fait une activité intéressante.,Character 85 is doing an interesting activity.
Histoire 86,Story 86,Il/Elle rencontre une autre personne et discute.,They meet another person and talk.
Histoire 86,Story 86,— Quelle belle journée !,"""What a beautiful day!"""
Histoire 86,Story 86,"— Oui, c'est parfait pour une promenade.","""Yes, it is perfect for a walk."""
Histoire 86,Story 86,Ils passent du temps ensemble et s'amusent.,They spend time together and have fun.
Histoire 86,Story 86,"A la fin, ils rentrent chez eux avec un sourire.","In the end, they go home with a smile."
Histoire 87,Story 87,Personnage 86 fait une activité intéressante.,Character 86 is doing an interesting activity.
Histoire 87,Story 87,Il/Elle rencontre une autre personne et discute.,They meet another person and talk.
Histoire 87,Story 87,— Quelle belle journée !,"""What a beautiful day!"""
Histoire 87,Story 87,"— Oui, c'est parfait pour une promenade.","""Yes, it is perfect for a walk."""
Histoire 87,Story 87,Ils passent du temps ensemble et s'amusent.,They spend time together and have fun.
Histoire 87,Story 87,"A la fin, ils rentrent chez eux avec un sourire.","In the end, they go home with a smile."
Histoire 88,Story 88,Personnage 87 fait une activité intéressante.,Character 87 is doing an interesting activity.
Histoire 88,Story 88,Il/Elle rencontre une autre personne et discute.,They meet another person and talk.
Histoire 88,Story 88,— Quelle belle journée !,"""What a beautiful day!"""
Histoire 88,Story 88,"— Oui, c'est parfait pour une promenade.","""Yes, it is perfect for a walk."""
Histoire 88,Story 88,Ils passent du temps ensemble et s'amusent.,They spend time together and have fun.
Histoire 88,Story 88,"A la fin, ils rentrent chez eux avec un sourire.","In the end, they go home with a smile."
Histoire 89,Story 89,Personnage 88 fait une activité intéressante.,Character 88 is doing an interesting activity.
Histoire 89,Story 89,Il/Elle rencontre une autre personne et discute.,They meet another person and talk.
Histoire 89,Story 89,— Quelle belle journée !,"""What a beautiful day!"""
Histoire 89,Story 89,"— Oui, c'est parfait pour une promenade.","""Yes, it is perfect for a walk."""
Histoire 89,Story 89,Ils passent du temps ensemble et s'amusent.,They spend time together and have fun.
Histoire 89,Story 89,"A la fin, ils rentrent chez eux avec un sourire.","In the end, they go home with a smile."
Histoire 90,Story 90,Personnage 89 fait une activité intéressante.,Character 89 is doing an interesting activity.
Histoire 90,Story 90,Il/Elle rencontre une autre personne et discute.,They meet another person and talk.
Histoire 90,Story 90,— Quelle belle journée !,"""What a beautiful day!"""
Histoire 90,Story 90,"— Oui, c'est parfait pour une promenade.","""Yes, it is perfect for a walk."""
Histoire 90,Story 90,Ils passent du temps ensemble et s'amusent.,They spend time together and have fun.
Histoire 90,Story 90,"A la fin, ils rentrent chez eux avec un sourire.","In the end, they go home with a smile."
Histoire 91,Story 91,Personnage 90 fait une activité intéressante.,Character 90 is doing an interesting activity.
Histoire 91,Story 91,Il/Elle rencontre une autre personne et discute.,They meet another person and talk.
Histoire 91,Story 91,— Quelle belle journée !,"""What a beautiful day!"""
Histoire 91,Story 91,"— Oui, c'est parfait pour une promenade.","""Yes, it is perfect for a walk."""
Histoire 91,Story 91,Ils passent du temps ensemble et s'amusent.,They spend time together and have fun.
Histoire 91,Story 91,"A la fin, ils rentrent chez eux avec un sourire.","In the end, they go home with a smile."
Histoire 92,Story 92,Personnage 91 fait une activité intéressante.,Character 91 is doing an interesting activity.
Histoire 92,Story 92,Il/Elle rencontre une autre personne et discute.,They meet another person and talk.
Histoire 92,Story 92,— Quelle belle journée !,"""What a beautiful day!"""
Histoire 92,Story 92,"— Oui, c'est parfait pour une promenade.","""Yes, it is perfect for a walk."""
Histoire 92,Story 92,Ils passent du temps ensemble et s'amusent.,They spend time together and have fun.
Histoire 92,Story 92,"A la fin, ils rentrent chez eux avec un sourire.","In the end, they go home with a smile."
Histoire 93,Story 93,Personnage 92 fait une activité intéressante.,Character 92 is doing an interesting activity.
Histoire 93,Story 93,Il/Elle rencontre une autre personne et discute.,They meet another person and talk.
Histoire 93,Story 93,— Quelle belle journée !,"""What a beautiful day!"""
Histoire 93,Story 93,"— Oui, c'est parfait pour une promenade.","""Yes, it is perfect for a walk."""
Histoire 93,Story 93,Ils passent du temps ensemble et s'amusent.,They spend time together and have fun.
Histoire 93,Story 93,"A la fin, ils rentrent chez eux avec un sourire.","In the end, they go home with a smile."
Histoire 94,Story 94,Personnage 93 fait une activité intéressante.,Character 93 is doing an interesting activity.
Histoire 94,Story 94,Il/Elle rencontre une autre personne et discute.,They meet another person and talk.
Histoire 94,Story 94,— Quelle belle journée !,"""What a beautiful day!"""
Histoire 94,Story 94,"— Oui, c'est parfait pour une promenade.","""Yes, it is perfect for a walk."""
Histoire 94,Story 94,Ils passent du temps ensemble et s'amusent.,They spend time together and have fun.
Histoire 94,Story 94,"A la fin, ils rentrent chez eux avec un sourire.","In the end, they go home with a smile."
Histoire 95,Story 95,Personnage 94 fait une activité intéressante.,Character 94 is doing an interesting activity.
Histoire 95,Story 95,Il/Elle rencontre une autre personne et discute.,They meet another person and talk.
Histoire 95,Story 95,— Quelle belle journée !,"""What a beautiful day!"""
Histoire 95,Story 95,"— Oui, c'est parfait pour une promenade.","""Yes, it is perfect for a walk."""
Histoire 95,Story 95,Ils passent du temps ensemble et s'amusent.,They spend time together and have fun.
Histoire 95,Story 95,"A la fin, ils rentrent chez eux avec un sourire.","In the end, they go home with a smile."
Histoire 96,Story 96,Personnage 95 fait une activité intéressante.,Character 95 is doing an interesting activity.
Histoire 96,Story 96,Il/Elle rencontre une autre personne et discute.,They meet another person and talk.
Histoire 96,Story 96,— Quelle belle journée !,"""What a beautiful day!"""
Histoire 96,Story 96,"— Oui, c'est parfait pour une promenade.","""Yes, it is perfect for a walk."""
Histoire 96,Story 96,Ils passent du temps ensemble et s'amusent.,They spend time together and have fun.
Histoire 96,Story 96,"A la fin, ils rentrent chez eux avec un sourire.","In the end, they go home with a smile."
Histoire 97,Story 97,Personnage 96 fait une activité intéressante.,Character 96 is doing an interesting activity.
Histoire 97,Story 97,Il/Elle rencontre une autre personne et discute.,They meet another person and talk.
Histoire 97,Story 97,— Quelle belle journée !,"""What a beautiful day!"""
Histoire 97,Story 97,"— Oui, c'est parfait pour une promenade.","""Yes, it is perfect for a walk."""
Histoire 97,Story 97,Ils passent du temps ensemble et s'amusent.,They spend time together and have fun.
Histoire 97,Story 97,"A la fin, ils rentrent chez eux avec un sourire.","In the end, they go home with a smile."
Histoire 98,Story 98,Personnage 97 fait une activité intéressante.,Character 97 is doing an interesting activity.
Histoire 98,Story 98,Il/Elle rencontre une autre personne et discute.,They meet another person and talk.
Histoire 98,Story 98,— Quelle belle journée !,"""What a beautiful day!"""
Histoire 98,Story 98,"— Oui, c'est parfait pour une promenade.","""Yes, it is perfect for a walk."""
Histoire 98,Story 98,Ils passent du temps ensemble et s'amusent.,They spend time together and have fun.
Histoire 98,Story 98,"A la fin, ils rentrent chez eux avec un sourire.","In the end, they go home with a smile."
Histoire 99,Story 99,Personnage 98 fait une activité intéressante.,Character 98 is doing an interesting activity.
Histoire 99,Story 99,Il/Elle rencontre une autre personne et discute.,They meet another person and talk.
Histoire 99,Story 99,— Quelle belle journée !,"""What a beautiful day!"""
Histoire 99,Story 99,"— Oui, c'est parfait pour une promenade.","""Yes, it is perfect for a walk."""
Histoire 99,Story 99,Ils passent du temps ensemble et s'amusent.,They spend time together and have fun.
Histoire 99,Story 99,"A la fin, ils rentrent chez eux avec un sourire.","In the end, they go home with a smile."
Histoire 100,Story 100,Personnage 99 fait une activité intéressante.,Character 99 is doing an interesting activity.
Histoire 100,Story 100,Il/Elle rencontre une autre personne et discute.,They meet another person and talk.
Histoire 100,Story 100,— Quelle belle journée !,"""What a beautiful day!"""
Histoire 100,Story 100,"— Oui, c'est parfait pour une promenade.","""Yes, it is perfect for a walk."""
Histoire 100,Story 100,Ils passent du temps ensemble et s'amusent.,They spend time together and have fun.
Histoire 100,Story 100,"A la fin, ils rentrent chez eux avec un sourire.","In the end, they go home with a smile."
